id,file_path,image_file_name,SEM_number_image,SEM_number_image_conf,scientific_name_filename,SEM_number_filename,angle_filename
566,website/Main/Hemiptera/Lygaeidae/Spilostethus hospes (4front) _0001.jpg,Spilostethus hospes (4front) _0001.jpg,SEM-UBC,0.9999317380801394,Spilostethus hospes,,front
635,website/Main/Hemiptera/Cydnidae/Amnestus pallidus (1dorsal).jpg,Amnestus pallidus (1dorsal).jpg,SEM-UBC,0.999795299846051,Amnestus pallidus,,dorsal
1487,website/Main/Hemiptera/Delphacidae/Achorotile subarctica form B (3lateral) .jpg,Achorotile subarctica form B (3lateral) .jpg,SEM-UBC,0.9997371270272781,Achorotile subarctica form B,,lateral
1711,website/Main/Hemiptera/Psyllidae/Purshivora pubescens (4front) .jpg,Purshivora pubescens (4front) .jpg,SEM-UBC,0.8240118516297921,Purshivora pubescens,,front
3110,website/Main/Hemiptera/Aradidae/Aradus depressus female (2ventral).jpg,Aradus depressus female (2ventral).jpg,OCR FAILED,0,Aradus depressus female,,ventral
3131,website/Main/Hemiptera/Aradidae/Aradus vadosus (3lateral).jpg,Aradus vadosus (3lateral).jpg,SEM-UBC,0.9988316349917964,Aradus vadosus,,lateral
3182,website/Main/Hemiptera/Aradidae/Aradus laeviusculus male (2ventral).jpg,Aradus laeviusculus male (2ventral).jpg,OCR FAILED,0,Aradus laeviusculus male,,ventral
3217,website/Main/Hemiptera/Cicadidae/Okanagana rimosa (4front).jpg,Okanagana rimosa (4front).jpg,SEM,0.7942344325407563,Okanagana rimosa,,front
3440,website/Main/Hemiptera/Miridae/Ceratocapsus downesi form A (1dorsal) .jpg,Ceratocapsus downesi form A (1dorsal) .jpg,SEM-UBC MIR-00O1,0.634514157233609,Ceratocapsus downesi form A,,dorsal
3513,website/Main/Hemiptera/Membracidae/Gargara genistae (1dorsal) .jpg,Gargara genistae (1dorsal) .jpg,OCR FAILED,0,Gargara genistae,,dorsal
3581,website/Main/Hemiptera/Membracidae/Platycotis maritima form A (2ventral) .jpg,Platycotis maritima form A (2ventral) .jpg,OCR FAILED,0,Platycotis maritima form A,,ventral
3831,website/Main/Hemiptera/Tingidae/Leptodictya leinahoni (2ventral).jpg,Leptodictya leinahoni (2ventral).jpg,OCR FAILED,0,Leptodictya leinahoni,,ventral
3921,website/Main/Hemiptera/Tingidae/Dictyonota fuliginosa (2ventral).jpg,Dictyonota fuliginosa (2ventral).jpg,OCR FAILED,0,Dictyonota fuliginosa,,ventral
3995,website/Main/Hemiptera/Anthocoridae/Anthocoris nemoralis (2ventral).jpg,Anthocoris nemoralis (2ventral).jpg,OCR FAILED,0,Anthocoris nemoralis,,ventral
4014,website/Main/Hemiptera/Anthocoridae/Tetraphleps pilosipes (3lateral) .jpg,Tetraphleps pilosipes (3lateral) .jpg,SEM-UBC ANTH4-0909,0.7536370432416235,Tetraphleps pilosipes,,lateral
4209,website/Main/Plecoptera/Chloroperlidae/Alloperla serrata female (2ventral).jpg,Alloperla serrata female (2ventral).jpg,OCR FAILED,0,Alloperla serrata female,,ventral
4445,website/Main/Siphonaptera/Ctenophthalmidae/Ctenophthalmus nobilis vulgaris male (label 2A).jpg,Ctenophthalmus nobilis vulgaris male (label 2A).jpg,OCR FAILED,0,Ctenophthalmus nobilis vulgaris male,,label A
4480,website/Main/Siphonaptera/Ctenophthalmidae/Palaeopsylla soricis soricis female (label 1B).jpg,Palaeopsylla soricis soricis female (label 1B).jpg,OCR FAILED,0,Palaeopsylla soricis soricis female,,label B
4598,website/Main/Siphonaptera/Ceratophyllidae/Ceratophyllus vision female (label 1B).jpg,Ceratophyllus vision female (label 1B).jpg,SEM-JBC SIP-0U5T,0.48315139437642657,Ceratophyllus vision female,,label B
5266,website/Main/Siphonaptera/Hystrichopsyllidae/Hystrichopsylla occidentalis female (label 2).jpg,Hystrichopsylla occidentalis female (label 2).jpg,OCR FAILED,0,Hystrichopsylla occidentalis female,,label 
5808,website/Main/Blattodea/Blaberidae/Archimandrita tessellata (2ventral).jpg,Archimandrita tessellata (2ventral).jpg,OCR FAILED,0,Archimandrita tessellata,,ventral
5810,website/Main/Blattodea/Blaberidae/Archimandrita tessellata (1dorsal).jpg,Archimandrita tessellata (1dorsal).jpg,OCR FAILED,0,Archimandrita tessellata,,dorsal
5815,website/Main/Blattodea/Blaberidae/Archimandrita tessellata (3lateral).jpg,Archimandrita tessellata (3lateral).jpg,OCR FAILED,0,Archimandrita tessellata,,lateral
6759,website/Main/Hymenoptera/Apidae/Apinae/Bombus kirbiellus female A (1dorsal).jpg,Bombus kirbiellus female A (1dorsal).jpg,SEM-UBC HY-2953,0.7192598381564755,Bombus kirbiellus female A,,dorsal
6885,website/Main/Hymenoptera/Apidae/Apinae/Bombus impatiens Queen (4front) .jpg,Bombus impatiens Queen (4front) .jpg,SEM-UBC HY-5940,0.5686833091033885,Bombus impatiens Queen,,front
6956,website/Main/Hymenoptera/Apidae/Apinae/Melissodes sp. Form A (4front).jpg,Melissodes sp. Form A (4front).jpg,SEM-UBC HM-3219,0.5268835886623819,Melissodes sp. Form A,,front
7149,website/Main/Hymenoptera/Braconidae/Braconinae/Bracon sp form B female (2ventral) .jpg,Bracon sp form B female (2ventral) .jpg,SEM-UBC,0.9879026388764756,Bracon sp form B female,,ventral
7423,website/Main/Hymenoptera/Megachilidae/Anthidium sp (3lateral).jpg,Anthidium sp (3lateral).jpg,SEM-UBC HY-3337,0.9433171043639997,Anthidium sp,,lateral
7625,website/Main/Hymenoptera/Megachilidae/Megachile circumcincta male (2ventral).jpg,Megachile circumcincta male (2ventral).jpg,SEM-UBC HY-3357,0.8794073336488313,Megachile circumcincta male,,ventral
7760,website/Main/Hymenoptera/Formicidae/Tapinoma sessile (3lateral).jpg,Tapinoma sessile (3lateral).jpg,SEM-UBC HY-2209,0.7447667239280577,Tapinoma sessile,,lateral
7803,website/Main/Hymenoptera/Formicidae/Lasius neoniger non-winged form (3lateral).jpg,Lasius neoniger non-winged form (3lateral).jpg,SEM-UBC HYM2295,0.9013220863238197,Lasius neoniger non-winged form,,lateral
8381,website/Main/Hymenoptera/Ichneumonidae/Ichneumoninae/Ichneumonini sp form A (3lateral) .jpg,Ichneumonini sp form A (3lateral) .jpg,OCR FAILED,0,Ichneumonini sp form A,,lateral
8756,website/Main/Hymenoptera/Ichneumonidae/Rhyssinae/Megarhyssa atrata female (3lateral) merged.jpg,Megarhyssa atrata female (3lateral) merged.jpg,SEMA HIE,0.0016730320101446601,Megarhyssa atrata female,,lateral
8758,website/Main/Hymenoptera/Ichneumonidae/Rhyssinae/Megarhyssa atrata female (1dorsal) merged.jpg,Megarhyssa atrata female (1dorsal) merged.jpg,OCR FAILED,0,Megarhyssa atrata female,,dorsal
8867,website/Main/Hymenoptera/Ichneumonidae/Cryptinae/Sphecophaga vesparum burra male (3lateral) .jpg,Sphecophaga vesparum burra male (3lateral) .jpg,SEM-UBC HYM-50GG,0.7737690717591549,Sphecophaga vesparum burra male,,lateral
10647,website/Main/Hymenoptera/Torymidae/Torymus sp form B (1dorsal) .jpg,Torymus sp form B (1dorsal) .jpg,SEM-UBC,0.9853828860371887,Torymus sp form B,,dorsal
10794,website/Main/Hymenoptera/Aphelinidae/Encarsia formosa (1dorsal) .jpg,Encarsia formosa (1dorsal) .jpg,OCR FAILED,0,Encarsia formosa,,dorsal
11472,website/Main/Hymenoptera/Pompilidae/Ceropales maculata female (2ventral) .jpg,Ceropales maculata female (2ventral) .jpg,SEM-UBC,0.9997651546565642,Ceropales maculata female,,ventral
12095,website/Main/Hymenoptera/Sphecidae/Prionyx atratus female (4front) .jpg,Prionyx atratus female (4front) .jpg,SEM-UBC,0.8580224743605303,Prionyx atratus female,,front
12419,website/Main/Hymenoptera/Andrenidae/Andrena nevadensis (3lateral).jpg,Andrena nevadensis (3lateral).jpg,SEM-UBC HY-3208,0.7636715237745956,Andrena nevadensis,,lateral
12564,website/Main/Neuroptera/Hemerobiidae/Micromus variolosus (3lateral).jpg,Micromus variolosus (3lateral).jpg,SEM-UBC,0.574070391145989,Micromus variolosus,,lateral
12727,website/Main/Dermaptera/Anisolabididae/Euborellia annulipes (1dorsal) .jpg,Euborellia annulipes (1dorsal) .jpg,OCR FAILED,0,Euborellia annulipes,,dorsal
12748,website/Main/Lepidoptera/Lasiocampidae/Phyllodesma americana (3lateral).jpg,Phyllodesma americana (3lateral).jpg,OCR FAILED,0,Phyllodesma americana,,lateral
13800,website/Main/Lepidoptera/Noctuidae/Plusiinae/Chrysodeixis chalcites (1dorsal).jpg,Chrysodeixis chalcites (1dorsal).jpg,SEM-UBC,0.995876959189191,Chrysodeixis chalcites,,dorsal
13819,website/Main/Lepidoptera/Noctuidae/Plusiinae/Plusia putnami (2ventral).jpg,Plusia putnami (2ventral).jpg,SEM-UBC NOC-1OOO,0.7783464545426294,Plusia putnami,,ventral
14037,website/Main/Lepidoptera/Crambidae/Stichroa chortalis (2ventral).jpg,Stichroa chortalis (2ventral).jpg,SEM-UBC,0.6815129935952199,Stichroa chortalis,,ventral
14207,website/Main/Lepidoptera/Erebidae/Lymantriinae/Leucoma salicis male (2ventral).jpg,Leucoma salicis male (2ventral).jpg,SEM-UBC LYM40046,0.4959970754101237,Leucoma salicis male,,ventral
14434,website/Main/Lepidoptera/Erebidae/Arctiinae/Arctia caja female (2ventral).jpg,Arctia caja female (2ventral).jpg,SEM-UBC ARCH02412,0.33160346332118157,Arctia caja female,,ventral
14931,website/Main/Lepidoptera/Papilionidae/Parnassius phoebus sayii male (2ventral).jpg,Parnassius phoebus sayii male (2ventral).jpg,SEM-UBC PAP-03,0.7921242687170031,Parnassius phoebus sayii male,,ventral
14983,website/Main/Lepidoptera/Sphingidae/Manduca quinquemaculata female (1dorsal).jpg,Manduca quinquemaculata female (1dorsal).jpg,OCR FAILED,0,Manduca quinquemaculata female,,dorsal
14991,website/Main/Lepidoptera/Sphingidae/Sphinx drupiferarum female (1dorsal).jpg,Sphinx drupiferarum female (1dorsal).jpg,SEM-UBC SPH-0.86,0.22074110548342515,Sphinx drupiferarum female,,dorsal
15375,website/Main/Lepidoptera/Lycaenidae/Celastrina lucia female form A (1dorsal).jpg,Celastrina lucia female form A (1dorsal).jpg,SEM-UBC,0.9855217573766341,Celastrina lucia female form A,,dorsal
16010,website/Main/Diptera/Hippoboscidae/Crataerina pallida (2ventral).jpg,Crataerina pallida (2ventral).jpg,OCR FAILED,0,Crataerina pallida,,ventral
16017,website/Main/Diptera/Hippoboscidae/Pseudolynchia canariensis (2ventral).jpg,Pseudolynchia canariensis (2ventral).jpg,OCR FAILED,0,Pseudolynchia canariensis,,ventral
16159,website/Main/Diptera/Coelopidae/Coelopa sp form A (1dorsal) .jpg,Coelopa sp form A (1dorsal) .jpg,OCR FAILED,0,Coelopa sp form A,,dorsal
16239,website/Main/Diptera/Hybotidae/Leptopeza disparilis (3lateral) .jpg,Leptopeza disparilis (3lateral) .jpg,SEM-UBC EP-0465,0.8167823521680139,Leptopeza disparilis,,lateral
16301,website/Main/Diptera/Bombyliidae/Bombylius validus female (3lateral).jpg,Bombylius validus female (3lateral).jpg,SEM-UBC,0.904897619746725,Bombylius validus female,,lateral
16455,website/Main/Diptera/Bombyliidae/Bombylius pygmaeus (3lateral).jpg,Bombylius pygmaeus (3lateral).jpg,SEM-UBC,0.9498769590859975,Bombylius pygmaeus,,lateral
16736,website/Main/Diptera/Sarcophagidae/Fletcherimyia fletcheryi (4front).jpg,Fletcherimyia fletcheryi (4front).jpg,SEM-UBC SAR0031,0.6827840957678311,Fletcherimyia fletcheryi,,front
16859,website/Main/Diptera/Anthomyiidae/Leucophora fusca (4front).jpg,Leucophora fusca (4front).jpg,SEM-UBC /-0102,0.37384172213548944,Leucophora fusca,,front
17142,website/Main/Diptera/Anthomyiidae/Paradelia intersecta (4front).jpg,Paradelia intersecta (4front).jpg,SEM-UBGMNT0109,0.21792666195329544,Paradelia intersecta,,front
17288,website/Main/Diptera/Anthomyiidae/Zaphne altilega (4front).jpg,Zaphne altilega (4front).jpg,SEM-UB€,0.3773330068038695,Zaphne altilega,,front
17406,website/Main/Diptera/Anthomyiidae/Lasiomma picipes (1dorsal) .jpg,Lasiomma picipes (1dorsal) .jpg,SEM-UBC ANT40098,0.6218963811064613,Lasiomma picipes,,dorsal
18611,website/Main/Diptera/Tephritidae/Trypeta tortile (2ventral) .jpg,Trypeta tortile (2ventral) .jpg,SEM-UBC,0.9996229411049774,Trypeta tortile,,ventral
18738,website/Main/Diptera/Pachyneuridae/Cramptonomyia spenceri (1dorsal) .jpg,Cramptonomyia spenceri (1dorsal) .jpg,OCR FAILED,0,Cramptonomyia spenceri,,dorsal
18882,website/Main/Diptera/Dolichopodidae/Sympycnidelphus sp form C (2ventral) .jpg,Sympycnidelphus sp form C (2ventral) .jpg,SEM-UBC,0.9996089717409206,Sympycnidelphus sp form C,,ventral
18900,website/Main/Diptera/Dolichopodidae/Medetera aldrichii (1dorsal) .jpg,Medetera aldrichii (1dorsal) .jpg,SEM-UBC DOL-0D;,0.2639726966826438,Medetera aldrichii,,dorsal
18956,website/Main/Diptera/Dolichopodidae/Hydrophorus breviseta (4front).jpg,Hydrophorus breviseta (4front).jpg,SEM-UBC DCL Q035,0.24274686055537348,Hydrophorus breviseta,,front
19014,website/Main/Diptera/Dolichopodidae/Tachytrechus sp form B (4front).jpg,Tachytrechus sp form B (4front).jpg,SEM,0.2749544084072113,Tachytrechus sp form B,,front
19075,website/Main/Diptera/Dolichopodidae/Rhaphium nigrovittatum (4front).jpg,Rhaphium nigrovittatum (4front).jpg,SEM-UBC DOL-00B9,0.5119681650134408,Rhaphium nigrovittatum,,front
19204,website/Main/Diptera/Lauxaniidae/Homoneura occidentalis (2ventral) .jpg,Homoneura occidentalis (2ventral) .jpg,SEM-UBC LA-0005,0.8404140099521189,Homoneura occidentalis,,ventral
19614,website/Main/Diptera/Asilidae/Pogonosoma ridingsi (3lateral) .jpg,Pogonosoma ridingsi (3lateral) .jpg,SEM-UBC AS-0100,0.7839422546801463,Pogonosoma ridingsi,,lateral
19771,website/Main/Diptera/Asilidae/Laphria astur (4front) .jpg,Laphria astur (4front) .jpg,SEM-UBC ASL0052,0.4360290529376127,Laphria astur,,front
19852,website/Main/Diptera/Syrphidae/Sericomyia harveyi (1dorsal) .jpg,Sericomyia harveyi (1dorsal) .jpg,SEM-UBC SYR0290,0.7933709764031471,Sericomyia harveyi,,dorsal
20301,website/Main/Diptera/Syrphidae/Volucella evecta (4front).jpg,Volucella evecta (4front).jpg,OCR FAILED,0,Volucella evecta,,front
20502,website/Main/Diptera/Syrphidae/Temnostoma obscurum (2ventral) .jpg,Temnostoma obscurum (2ventral) .jpg,SEM-UBC,0.910220365498829,Temnostoma obscurum,,ventral
20634,website/Main/Diptera/Syrphidae/Lejops bilinearis female (4front).jpg,Lejops bilinearis female (4front).jpg,OCR FAILED,0,Lejops bilinearis female,,front
20859,website/Main/Diptera/Syrphidae/Melangyna coei male (1dorsal) .jpg,Melangyna coei male (1dorsal) .jpg,SEM-UBC,0.9996309621952075,Melangyna coei male,,dorsal
20936,website/Main/Diptera/Tethinidae/Pelomyiella sp. (4front).jpg,Pelomyiella sp. (4front).jpg,SEM-UBC DIP-(1622,0.6983693629535188,Pelomyiella sp.,,front
21156,website/Main/Diptera/Dixidae/Dixidae sp form A (3lateral) .jpg,Dixidae sp form A (3lateral) .jpg,OCR FAILED,0,Dixidae sp form A,,lateral
21216,website/Main/Diptera/Muscidae/Macrorchis ausoba (4front).jpg,Macrorchis ausoba (4front).jpg,SEMLVER ,0.016259458535589726,Macrorchis ausoba,,front
21652,website/Main/Diptera/Bibionidae/Dilophus tibialis male (4front).jpg,Dilophus tibialis male (4front).jpg,SEM-UBC,0.9999059648715947,Dilophus tibialis male,,front
21944,website/Main/Diptera/Culicidae/Culiseta incidens female (3lateral) body.jpg,Culiseta incidens female (3lateral) body.jpg,SEM-UBC CU,0.6084615480201299,Culiseta incidens female,,lateral
21950,website/Main/Diptera/Culicidae/Anopheles punctipennis female (2ventral) .jpg,Anopheles punctipennis female (2ventral) .jpg,SEM-UBC,0.9996174434918058,Anopheles punctipennis female,,ventral
22103,website/Main/Diptera/Culicidae/Anopheles punctipennis female (1dorsal) .jpg,Anopheles punctipennis female (1dorsal) .jpg,SEM-UBC,0.9996354684165571,Anopheles punctipennis female,,dorsal
22598,website/Main/Diptera/Keroplatidae/Macrocera sp (2ventral) .jpg,Macrocera sp (2ventral) .jpg,SEM-UBC,0.9996803500232284,Macrocera sp,,ventral
22645,website/Main/Diptera/Scathophagidae/Bucephalina sp (4front).jpg,Bucephalina sp (4front).jpg,OCR FAILED,0,Bucephalina sp,,front
22733,website/Main/Diptera/Scathophagidae/Megaphthalma pallida (4front).jpg,Megaphthalma pallida (4front).jpg,SEM-UBC SE4-0024,0.142686200629,Megaphthalma pallida,,front
22755,website/Main/Diptera/Scathophagidae/Pleurochaetella simplicipes (4front).jpg,Pleurochaetella simplicipes (4front).jpg,SEM-U6 < SCA-(032,0.21236967703592635,Pleurochaetella simplicipes,,front
22758,website/Main/Diptera/Scathophagidae/Okeniella dasyprocta (4front).jpg,Okeniella dasyprocta (4front).jpg,OCR FAILED,0,Okeniella dasyprocta,,front
22832,website/Main/Diptera/Tachinidae/Bombyliomyia soror (4front).jpg,Bombyliomyia soror (4front).jpg,OCR FAILED,0,Bombyliomyia soror,,front
22899,website/Main/Diptera/Tachinidae/Prooppia strigifrons (4front).jpg,Prooppia strigifrons (4front).jpg,SEM WEC TAC-OISD,0.16698885376912348,Prooppia strigifrons,,front
22916,website/Main/Diptera/Tachinidae/Siphona cristata (4front).jpg,Siphona cristata (4front).jpg,OCR FAILED,0,Siphona cristata,,front
23034,website/Main/Diptera/Tachinidae/Myxexoristops sp. (4front).jpg,Myxexoristops sp. (4front).jpg,SEM-UE6 7AC 0130,0.030572817399725147,Myxexoristops sp.,,front
23102,website/Main/Diptera/Tachinidae/Zelia sp (4front).jpg,Zelia sp (4front).jpg,SEM-UBCWESR?,0.008179900964922208,Zelia sp,,front
23222,website/Main/Diptera/Tachinidae/Phasia fenestrata (4front).jpg,Phasia fenestrata (4front).jpg,OCR FAILED,0,Phasia fenestrata,,front
23292,website/Main/Diptera/Tachinidae/Cylindromyia interrupta (4front).jpg,Cylindromyia interrupta (4front).jpg,SEM-UBC TAC-0U49,0.41136136723224653,Cylindromyia interrupta,,front
23307,website/Main/Diptera/Tachinidae/Gymnosoma occidentale (1dorsal) .jpg,Gymnosoma occidentale (1dorsal) .jpg,OCR FAILED,0,Gymnosoma occidentale,,dorsal
23367,website/Main/Diptera/Tachinidae/Tachina latigena (4front).jpg,Tachina latigena (4front).jpg,SEM-UBC,0.5941245421290027,Tachina latigena,,front
23394,website/Main/Diptera/Tachinidae/Celatoria diabroticae (4front).jpg,Celatoria diabroticae (4front).jpg,SEM-UBC,0.9996716981978641,Celatoria diabroticae,,front
23444,website/Main/Diptera/Tachinidae/Archytas amethystinus (4front).jpg,Archytas amethystinus (4front).jpg,SEM-UBC TAC 0OAD,0.16801040902400008,Archytas amethystinus,,front
23581,website/Main/Diptera/Tachinidae/Euexorista rebaptizata (4front).jpg,Euexorista rebaptizata (4front).jpg,SEM-UBC AC-00Q6,0.178806816258799,Euexorista rebaptizata,,front
23604,website/Main/Diptera/Phoridae/Borophaga clavata (4front) .jpg,Borophaga clavata (4front) .jpg,SEM-UBC DL?-0231,0.838440773117612,Borophaga clavata,,front
23764,website/Main/Diptera/Tipulidae/Tipula [Trichotipula] sp female (1dorsal) .jpg,Tipula [Trichotipula] sp female (1dorsal) .jpg,SEM-UBC,0.9944486193350621,Tipula [Trichotipula] sp female,,dorsal
23809,website/Main/Diptera/Tipulidae/Tipula [Beringotipula] sp male (3lateral) .jpg,Tipula [Beringotipula] sp male (3lateral) .jpg,SEM-UBC,0.8876037250932485,Tipula [Beringotipula] sp male,,lateral
23863,website/Main/Coleoptera/Dryopidae/Helichus basalis (3lateral).jpg,Helichus basalis (3lateral).jpg,OCR FAILED,0,Helichus basalis,,lateral
24361,website/Main/Coleoptera/Eucnemidae/Dromaeolus californicus (4front).jpg,Dromaeolus californicus (4front).jpg,SEM-UBC COL-0RC0,0.11485602418657659,Dromaeolus californicus,,front
24408,website/Main/Coleoptera/Nitidulidae/Epuraea rufa (labels)  [No value].jpg,Epuraea rufa (labels)  [No value].jpg,SEM-UBC,0.8313369107985709,Epuraea rufa,,labels
24632,website/Main/Coleoptera/Ptinidae/Epauloecus unicolor (3lateral) .jpg,Epauloecus unicolor (3lateral) .jpg,"SEM-UBC COL""29034",0.7698074933723303,Epauloecus unicolor,,lateral
24808,website/Main/Coleoptera/Ciidae/Sulcacis curtula female (4front).jpg,Sulcacis curtula female (4front).jpg,SEM-UBC COL:29138,0.7751680434616824,Sulcacis curtula female,,front
25014,website/Main/Coleoptera/Leiodidae/Anistoma globososa (2ventral) .jpg,Anistoma globososa (2ventral) .jpg,SEM-UBC,0.9997249155531774,Anistoma globososa,,ventral
25161,website/Main/Coleoptera/Leiodidae/Kalohydnobius strigilatus male (4front).jpg,Kalohydnobius strigilatus male (4front).jpg,SEM-UBC GOL.27644,0.12875425087007314,Kalohydnobius strigilatus male,,front
25704,website/Main/Coleoptera/Anthicidae/Ischyropalpus turgidicollis (2ventral).jpg,Ischyropalpus turgidicollis (2ventral).jpg,SEM-UBC,0.9996840450662768,Ischyropalpus turgidicollis,,ventral
25709,website/Main/Coleoptera/Anthicidae/Anthicus nigritus (3lateral).jpg,Anthicus nigritus (3lateral).jpg,"SEM-UBC COL""25312",0.6817657538620121,Anthicus nigritus,,lateral
25788,website/Main/Coleoptera/Dermestidae/Megatoma perversa (4front).jpg,Megatoma perversa (4front).jpg,SEM-UBC COL2*,0.16088347014955798,Megatoma perversa,,front
26746,website/Main/Coleoptera/Carabidae/Cicindelinae/Tetracha carolina (1dorsal).jpg,Tetracha carolina (1dorsal).jpg,OCR FAILED,0,Tetracha carolina,,dorsal
26761,website/Main/Coleoptera/Carabidae/Cicindelinae/Cicindela limbalis form B (label).jpg,Cicindela limbalis form B (label).jpg,SEM-UBC,0.8060954555512925,Cicindela limbalis form B,,label
26796,website/Main/Coleoptera/Carabidae/Cicindelinae/Cicindela limbalis form A (label).jpg,Cicindela limbalis form A (label).jpg,SEM-UBC,0.8128748871911567,Cicindela limbalis form A,,label
26843,website/Main/Coleoptera/Carabidae/Omophroninae/Omophron robustum (label).jpg,Omophron robustum (label).jpg,SEM-UBC,0.846112663947075,Omophron robustum,,label
26957,website/Main/Coleoptera/Carabidae/Carabinae/Scaphinotus cavicollis (label).jpg,Scaphinotus cavicollis (label).jpg,SEM-UBC,0.5877276747954215,Scaphinotus cavicollis,,label
27037,website/Main/Coleoptera/Carabidae/Harpalinae/Ega/Ega laetula (label).jpg,Ega laetula (label).jpg,SEM-UBC,0.9937792351415918,Ega laetula,,label
27048,website/Main/Coleoptera/Carabidae/Harpalinae/Chlaenius/Chlaenius tomentosus (label).jpg,Chlaenius tomentosus (label).jpg,SEM-UBC,0.9998740634702552,Chlaenius tomentosus,,label
27062,website/Main/Coleoptera/Carabidae/Harpalinae/Chlaenius/Chlaenius impunctifrons (label).jpg,Chlaenius impunctifrons (label).jpg,SEM-UBC,0.9996339813642369,Chlaenius impunctifrons,,label
27067,website/Main/Coleoptera/Carabidae/Harpalinae/Chlaenius/Chlaenius nemoralis (label).jpg,Chlaenius nemoralis (label).jpg,SEM-UBC,0.9157653854836012,Chlaenius nemoralis,,label
27072,website/Main/Coleoptera/Carabidae/Harpalinae/Chlaenius/Chlaenius interruptus (label).jpg,Chlaenius interruptus (label).jpg,SEM-UBC,0.899817794593663,Chlaenius interruptus,,label
27075,website/Main/Coleoptera/Carabidae/Harpalinae/Chlaenius/Chlaenius niger (label).jpg,Chlaenius niger (label).jpg,SEM-UBC,0.9999519239398483,Chlaenius niger,,label
27079,website/Main/Coleoptera/Carabidae/Harpalinae/Chlaenius/Chlaenius aestivus (label).jpg,Chlaenius aestivus (label).jpg,SEM-UBC,0.9914125803888865,Chlaenius aestivus,,label
27103,website/Main/Coleoptera/Carabidae/Harpalinae/Chlaenius/Chlaenius cordicollis (label).jpg,Chlaenius cordicollis (label).jpg,SEM-UBC,0.9874409139977952,Chlaenius cordicollis,,label
27147,website/Main/Coleoptera/Carabidae/Harpalinae/Pterostichus/Pterostichus bucolicus (label).jpg,Pterostichus bucolicus (label).jpg,SEM-UBC,0.9519405665915339,Pterostichus bucolicus,,label
27171,website/Main/Coleoptera/Carabidae/Harpalinae/Pterostichus/Pterostichus humilis (label).jpg,Pterostichus humilis (label).jpg,SEM-UBC,0.5041145102927624,Pterostichus humilis,,label
27174,website/Main/Coleoptera/Carabidae/Harpalinae/Pterostichus/Pterostichus adoxus (label).jpg,Pterostichus adoxus (label).jpg,SEM-UBC,0.9340726207758961,Pterostichus adoxus,,label
27208,website/Main/Coleoptera/Carabidae/Harpalinae/Pterostichus/Pterostichus stygicus (label).jpg,Pterostichus stygicus (label).jpg,SEM-UBC,0.985802689735091,Pterostichus stygicus,,label
27232,website/Main/Coleoptera/Carabidae/Harpalinae/Pterostichus/Pterostichus relictus (label).jpg,Pterostichus relictus (label).jpg,SEM-UBC,0.4093928805139687,Pterostichus relictus,,label
27247,website/Main/Coleoptera/Carabidae/Harpalinae/Pterostichus/Pterostichus surgens (label).jpg,Pterostichus surgens (label).jpg,SEM-UBC,0.9212682426649796,Pterostichus surgens,,label
27328,website/Main/Coleoptera/Carabidae/Harpalinae/Acupalpus/Acupalpus testaceus (label).jpg,Acupalpus testaceus (label).jpg,SEM-UBC,0.9998317530538853,Acupalpus testaceus,,label
27329,website/Main/Coleoptera/Carabidae/Harpalinae/Acupalpus/Acupalpus pauperculus (label).jpg,Acupalpus pauperculus (label).jpg,SEM-UBC,0.9999068209781197,Acupalpus pauperculus,,label
27339,website/Main/Coleoptera/Carabidae/Harpalinae/Acupalpus/Acupalpus nanellus (label).jpg,Acupalpus nanellus (label).jpg,SEM-UBC,0.9999153369722462,Acupalpus nanellus,,label
27343,website/Main/Coleoptera/Carabidae/Harpalinae/Atranus/Atranus pubescens (label).jpg,Atranus pubescens (label).jpg,SEM-UBC,0.8792112962104709,Atranus pubescens,,label
27347,website/Main/Coleoptera/Carabidae/Harpalinae/Oodes/Oodes americanus (label).jpg,Oodes americanus (label).jpg,SEM-UBC,0.7800447466495247,Oodes americanus,,label
27349,website/Main/Coleoptera/Carabidae/Harpalinae/Oodes/Oodes amaroides (label).jpg,Oodes amaroides (label).jpg,SEM-UBC,0.9739778374279044,Oodes amaroides,,label
27360,website/Main/Coleoptera/Carabidae/Harpalinae/Badister/Badister transversus (label).jpg,Badister transversus (label).jpg,SEM-UBC,0.9999097047036208,Badister transversus,,label
27370,website/Main/Coleoptera/Carabidae/Harpalinae/Badister/Badister micans (label).jpg,Badister micans (label).jpg,SEM-UBC,0.7967104058710025,Badister micans,,label
27371,website/Main/Coleoptera/Carabidae/Harpalinae/Badister/Badister reflexus (label).jpg,Badister reflexus (label).jpg,SEM-UBC,0.9999559791190087,Badister reflexus,,label
27381,website/Main/Coleoptera/Carabidae/Harpalinae/Badister/Badister pulchellus form B (label).jpg,Badister pulchellus form B (label).jpg,SEM-UBC,0.7596224645522437,Badister pulchellus form B,,label
27382,website/Main/Coleoptera/Carabidae/Harpalinae/Badister/Badister notatus (label).jpg,Badister notatus (label).jpg,SEM-UBC,0.8351444811291565,Badister notatus,,label
27385,website/Main/Coleoptera/Carabidae/Harpalinae/Badister/Badister pulchellus form A (label).jpg,Badister pulchellus form A (label).jpg,SEM-UBC,0.7864888966731028,Badister pulchellus form A,,label
27392,website/Main/Coleoptera/Carabidae/Harpalinae/Loxandrus/Loxandrus minor (label).jpg,Loxandrus minor (label).jpg,SEM-UBC,0.9749392699450508,Loxandrus minor,,label
27407,website/Main/Coleoptera/Carabidae/Harpalinae/Diplocheila/Diplocheila impressicollis (label).jpg,Diplocheila impressicollis (label).jpg,SEM-UBC,0.9997914246961275,Diplocheila impressicollis,,label
27409,website/Main/Coleoptera/Carabidae/Harpalinae/Diplocheila/Diplocheila assimilis (label).jpg,Diplocheila assimilis (label).jpg,SEM-UBC,0.8139237516061028,Diplocheila assimilis,,label
27411,website/Main/Coleoptera/Carabidae/Harpalinae/Diplocheila/Diplocheila major major (label).jpg,Diplocheila major major (label).jpg,SEM-UBC,0.8734173579917183,Diplocheila major major,,label
27417,website/Main/Coleoptera/Carabidae/Harpalinae/Cyclotrachelus/Cyclotrachelus incisus (label).jpg,Cyclotrachelus incisus (label).jpg,SEM-UBC,0.8865070772804635,Cyclotrachelus incisus,,label
27455,website/Main/Coleoptera/Carabidae/Harpalinae/Agonum/Agonum tenue (label).jpg,Agonum tenue (label).jpg,SEM-UBC,0.9998551387548381,Agonum tenue,,label
27484,website/Main/Coleoptera/Carabidae/Harpalinae/Agonum/Agonum octopunctatum (label).jpg,Agonum octopunctatum (label).jpg,SEM-UBC,0.9317288712124077,Agonum octopunctatum,,label
27518,website/Main/Coleoptera/Carabidae/Harpalinae/Agonum/Agonum pallipes (4label) .jpg,Agonum pallipes (4label) .jpg,SEM-UBC,0.8983072596600694,Agonum pallipes,,label
27534,website/Main/Coleoptera/Carabidae/Harpalinae/Agonum/Agonum trigeminum (label).jpg,Agonum trigeminum (label).jpg,SEM-UBC,0.9999266915946543,Agonum trigeminum,,label
27550,website/Main/Coleoptera/Carabidae/Harpalinae/Agonum/Agonum punctiforme (label).jpg,Agonum punctiforme (label).jpg,SEM-UBC,0.9023384515210193,Agonum punctiforme,,label
27562,website/Main/Coleoptera/Carabidae/Harpalinae/Philodes/Philodes rectangulus (label).jpg,Philodes rectangulus (label).jpg,SEM-UBC,0.9477703389720575,Philodes rectangulus,,label
27579,website/Main/Coleoptera/Carabidae/Harpalinae/Poecilus/Poecilus chalcites (label).jpg,Poecilus chalcites (label).jpg,SEM-UOC,0.41162297624934163,Poecilus chalcites,,label
27614,website/Main/Coleoptera/Carabidae/Harpalinae/Lebia/Lebia lobulata (label).jpg,Lebia lobulata (label).jpg,SEMUBC,0.9690599472371472,Lebia lobulata,,label
27647,website/Main/Coleoptera/Carabidae/Harpalinae/Lebia/Lebia viridipennis (label).jpg,Lebia viridipennis (label).jpg,SEM-UBC,0.8815448005890111,Lebia viridipennis,,label
27789,website/Main/Coleoptera/Carabidae/Harpalinae/Amara/Amara rubrica (label).jpg,Amara rubrica (label).jpg,SEM-UBC,0.7949062211121825,Amara rubrica,,label
27834,website/Main/Coleoptera/Carabidae/Harpalinae/Olisthopus/Olisthopus parmatus (label).jpg,Olisthopus parmatus (label).jpg,SEM-UBC,0.9975273724294612,Olisthopus parmatus,,label
27839,website/Main/Coleoptera/Carabidae/Harpalinae/Olisthopus/Olisthopus micans (label).jpg,Olisthopus micans (label).jpg,SEMUBC,0.586864004845057,Olisthopus micans,,label
27842,website/Main/Coleoptera/Carabidae/Harpalinae/Tetragonoderus/Tetragonoderus pallidus (label).jpg,Tetragonoderus pallidus (label).jpg,SEM-UBC,0.5288657733082097,Tetragonoderus pallidus,,label
27845,website/Main/Coleoptera/Carabidae/Harpalinae/Tetragonoderus/Tetragonoderus latipennis (label).jpg,Tetragonoderus latipennis (label).jpg,SEM-UBC,0.6781365476519241,Tetragonoderus latipennis,,label
27855,website/Main/Coleoptera/Carabidae/Harpalinae/Stenolophus/Stenolophus lineola (label).jpg,Stenolophus lineola (label).jpg,SEM-UBC,0.7459100529003826,Stenolophus lineola,,label
27870,website/Main/Coleoptera/Carabidae/Harpalinae/Stenolophus/Stenolophus megacephalus (label).jpg,Stenolophus megacephalus (label).jpg,SEM-UCC,0.6077162482234206,Stenolophus megacephalus,,label
27875,website/Main/Coleoptera/Carabidae/Harpalinae/Stenolophus/Stenolophus lecontei (label).jpg,Stenolophus lecontei (label).jpg,SEM-UBC,0.8227687825113834,Stenolophus lecontei,,label
27879,website/Main/Coleoptera/Carabidae/Harpalinae/Stenolophus/Stenolophus ochropezus (label).jpg,Stenolophus ochropezus (label).jpg,SEM-UBC,0.9564801039205946,Stenolophus ochropezus,,label
27895,website/Main/Coleoptera/Carabidae/Harpalinae/Anchomenus/Anchomenus funebre (label).jpg,Anchomenus funebre (label).jpg,SEM-UBC,0.9998478391908411,Anchomenus funebre,,label
27921,website/Main/Coleoptera/Carabidae/Harpalinae/Platynus/Platynus hypolithos (label).jpg,Platynus hypolithos (label).jpg,SEM-UBC,0.5491410278330618,Platynus hypolithos,,label
27924,website/Main/Coleoptera/Carabidae/Harpalinae/Platynus/Platynus tenuicollis (label).jpg,Platynus tenuicollis (label).jpg,SEM-UBC,0.7472801511558026,Platynus tenuicollis,,label
27928,website/Main/Coleoptera/Carabidae/Harpalinae/Platynus/Platynus cincticollis (label).jpg,Platynus cincticollis (label).jpg,SEM-UBC,0.5214386075237045,Platynus cincticollis,,label
27929,website/Main/Coleoptera/Carabidae/Harpalinae/Platynus/Platynus brunneomarginatus (1dorsal).jpg,Platynus brunneomarginatus (1dorsal).jpg,SEM-UBC,0.987319677871885,Platynus brunneomarginatus,,dorsal
27971,website/Main/Coleoptera/Carabidae/Harpalinae/Anisodactylus/Anisodactylus ovularis (label).jpg,Anisodactylus ovularis (label).jpg,SEM-UBC,0.8509898982495533,Anisodactylus ovularis,,label
27981,website/Main/Coleoptera/Carabidae/Harpalinae/Anisodactylus/Anisodactylus nigerrimus (label).jpg,Anisodactylus nigerrimus (label).jpg,SEM-UBC,0.9999328194688163,Anisodactylus nigerrimus,,label
27985,website/Main/Coleoptera/Carabidae/Harpalinae/Bradycellus/Bradycellus neglectus (label).jpg,Bradycellus neglectus (label).jpg,SEM-UBC,0.9998841776819313,Bradycellus neglectus,,label
27997,website/Main/Coleoptera/Carabidae/Harpalinae/Bradycellus/Bradycellus nitidus (label).jpg,Bradycellus nitidus (label).jpg,SEM-UBC,0.9998470731862141,Bradycellus nitidus,,label
28008,website/Main/Coleoptera/Carabidae/Harpalinae/Bradycellus/Bradycellus kirbyi (label).jpg,Bradycellus kirbyi (label).jpg,SEM-UBC,0.9769406679591178,Bradycellus kirbyi,,label
28010,website/Main/Coleoptera/Carabidae/Harpalinae/Bradycellus/Bradycellus insulsus (label).jpg,Bradycellus insulsus (label).jpg,SEM-UBC,0.9999630080836417,Bradycellus insulsus,,label
28012,website/Main/Coleoptera/Carabidae/Harpalinae/Bradycellus/Bradycellus rupestris (label).jpg,Bradycellus rupestris (label).jpg,SEM-UBC,0.9995635720796662,Bradycellus rupestris,,label
28028,website/Main/Coleoptera/Carabidae/Harpalinae/Bradycellus/Bradycellus nigriceps (label).jpg,Bradycellus nigriceps (label).jpg,SEM-UBC,0.9929864228673797,Bradycellus nigriceps,,label
28036,website/Main/Coleoptera/Carabidae/Harpalinae/Dicaelus/Dicaelus elongatus (label).jpg,Dicaelus elongatus (label).jpg,SEM-UBC,0.9050322551579865,Dicaelus elongatus,,label
28039,website/Main/Coleoptera/Carabidae/Harpalinae/Dicaelus/Dicaelus teter (label).jpg,Dicaelus teter (label).jpg,SEM-UBC,0.9998794705105609,Dicaelus teter,,label
28043,website/Main/Coleoptera/Carabidae/Harpalinae/Dicaelus/Dicaelus politus (label).jpg,Dicaelus politus (label).jpg,SEM-UBC,0.9999354328232267,Dicaelus politus,,label
28052,website/Main/Coleoptera/Carabidae/Harpalinae/Lachnocrepis/Lachnocrepis parallela (label).jpg,Lachnocrepis parallela (label).jpg,SEM-UBC,0.4628627706465125,Lachnocrepis parallela,,label
28054,website/Main/Coleoptera/Carabidae/Harpalinae/Amphasia/Amphasia interstitialis (label).jpg,Amphasia interstitialis (label).jpg,SEM-UBC,0.915582708044988,Amphasia interstitialis,,label
28056,website/Main/Coleoptera/Carabidae/Harpalinae/Amphasia/Amphasia sericea (label).jpg,Amphasia sericea (label).jpg,SEM-UBC,0.985808591139325,Amphasia sericea,,label
28181,website/Main/Coleoptera/Carabidae/Harpalinae/Axinopalpus/Axinopalpus biplagiatus (label).jpg,Axinopalpus biplagiatus (label).jpg,SEM-UBC,0.9235597030247942,Axinopalpus biplagiatus,,label
28191,website/Main/Coleoptera/Carabidae/Harpalinae/Calathus/Calathus gregarius (label).jpg,Calathus gregarius (label).jpg,SEM-UBC,0.9998341411971466,Calathus gregarius,,label
28213,website/Main/Coleoptera/Carabidae/Harpalinae/Agonoleptus/Agonoleptus rotundicollis (label).jpg,Agonoleptus rotundicollis (label).jpg,SEM-UBC,0.8415809978258533,Agonoleptus rotundicollis,,label
28219,website/Main/Coleoptera/Carabidae/Harpalinae/Selenophorus/Selenophorus opalinus (label).jpg,Selenophorus opalinus (label).jpg,SEM-UBC,0.49501088909760255,Selenophorus opalinus,,label
28253,website/Main/Coleoptera/Carabidae/Elaphrinae/Elaphrus fuliginosus (label).jpg,Elaphrus fuliginosus (label).jpg,SEMUBC,0.8288482986486657,Elaphrus fuliginosus,,label
28281,website/Main/Coleoptera/Carabidae/Loricerinae/Loricera foveata (label).jpg,Loricera foveata (label).jpg,SEM-UBC,0.9828182660243547,Loricera foveata,,label
28309,website/Main/Coleoptera/Carabidae/Scaritinae/Dyschirius brevispinus (label).jpg,Dyschirius brevispinus (label).jpg,SEM-UBC,0.9999115971470216,Dyschirius brevispinus,,label
28327,website/Main/Coleoptera/Carabidae/Scaritinae/Dyschirius affinis (label).jpg,Dyschirius affinis (label).jpg,SEM-UBC,0.9739886176512927,Dyschirius affinis,,label
28329,website/Main/Coleoptera/Carabidae/Scaritinae/Dyschirius pilosus (label).jpg,Dyschirius pilosus (label).jpg,SEM-UBC,0.6005570488501667,Dyschirius pilosus,,label
28330,website/Main/Coleoptera/Carabidae/Scaritinae/Schizogenius lineolatus (label).jpg,Schizogenius lineolatus (label).jpg,SEM-UBC,0.9681266316881489,Schizogenius lineolatus,,label
28346,website/Main/Coleoptera/Carabidae/Scaritinae/Schizogenius ferrugineus (label).jpg,Schizogenius ferrugineus (label).jpg,SEM-UBC,0.44646483570228684,Schizogenius ferrugineus,,label
28350,website/Main/Coleoptera/Carabidae/Scaritinae/Dyschirius larochellei (label).jpg,Dyschirius larochellei (label).jpg,SEM-UBC,0.9916996982392485,Dyschirius larochellei,,label
28355,website/Main/Coleoptera/Carabidae/Scaritinae/Clivina americana (label).jpg,Clivina americana (label).jpg,SEM-UBC,0.9763918005976282,Clivina americana,,label
28357,website/Main/Coleoptera/Carabidae/Scaritinae/Dyschirius truncatus (label).jpg,Dyschirius truncatus (label).jpg,SEM-UBC,0.7035135727134733,Dyschirius truncatus,,label
28364,website/Main/Coleoptera/Carabidae/Scaritinae/Clivina impressefrons (label).jpg,Clivina impressefrons (label).jpg,SEM-UBC,0.9998385119451382,Clivina impressefrons,,label
28372,website/Main/Coleoptera/Carabidae/Scaritinae/Dyschirius pallipennis (label).jpg,Dyschirius pallipennis (label).jpg,SEM-UBC,0.9858102490436246,Dyschirius pallipennis,,label
28385,website/Main/Coleoptera/Carabidae/Scaritinae/Promecognathus laevissimus (label).jpg,Promecognathus laevissimus (label).jpg,SEM-UBC,0.8681166265525112,Promecognathus laevissimus,,label
28389,website/Main/Coleoptera/Carabidae/Scaritinae/Dyschirius sextoni (label).jpg,Dyschirius sextoni (label).jpg,SEM-UBC,0.597530232141475,Dyschirius sextoni,,label
28395,website/Main/Coleoptera/Carabidae/Scaritinae/Schizogenius sulcifrons (label).jpg,Schizogenius sulcifrons (label).jpg,SEM-UBC,0.954808196216022,Schizogenius sulcifrons,,label
28400,website/Main/Coleoptera/Carabidae/Scaritinae/Dyschirius montanus (label).jpg,Dyschirius montanus (label).jpg,SEMUBC,0.6950169215223971,Dyschirius montanus,,label
28407,website/Main/Coleoptera/Carabidae/Scaritinae/Dyschirius haemorrhoidalis (label).jpg,Dyschirius haemorrhoidalis (label).jpg,SEM-UBC,0.7688021390439485,Dyschirius haemorrhoidalis,,label
28420,website/Main/Coleoptera/Carabidae/Scaritinae/Dyschirius cf. criddlei (label).jpg,Dyschirius cf. criddlei (label).jpg,SEM-UBC,0.9998695125373476,Dyschirius cf. criddlei,,label
28429,website/Main/Coleoptera/Carabidae/Scaritinae/Dyschirius pumilus (label).jpg,Dyschirius pumilus (label).jpg,SEM-UBC,0.7172889880118533,Dyschirius pumilus,,label
28448,website/Main/Coleoptera/Carabidae/Scaritinae/Dyschirius terminatus (label).jpg,Dyschirius terminatus (label).jpg,SEM-UBC,0.45898133673456365,Dyschirius terminatus,,label
28464,website/Main/Coleoptera/Carabidae/Trechinae/Elaphropus saturatus (label).jpg,Elaphropus saturatus (label).jpg,SEM-UBC,0.9870014890135275,Elaphropus saturatus,,label
28521,website/Main/Coleoptera/Carabidae/Trechinae/Bembidion chalceum form B (label).jpg,Bembidion chalceum form B (label).jpg,SEM-UBC,0.9998907351475428,Bembidion chalceum form B,,label
28534,website/Main/Coleoptera/Carabidae/Trechinae/Bembidion obliquulum (label).jpg,Bembidion obliquulum (label).jpg,SEM-UBC,0.9996597666628104,Bembidion obliquulum,,label
28551,website/Main/Coleoptera/Carabidae/Trechinae/Bembidion coxendix (label).jpg,Bembidion coxendix (label).jpg,SEM-UBC,0.9998278779495801,Bembidion coxendix,,label
28564,website/Main/Coleoptera/Carabidae/Trechinae/Bembidion carolinense (label).jpg,Bembidion carolinense (label).jpg,SEM-UBC,0.9312772529680502,Bembidion carolinense,,label
28570,website/Main/Coleoptera/Carabidae/Trechinae/Bembidion nigrum (label).jpg,Bembidion nigrum (label).jpg,SEM-UBC,0.9999080375501429,Bembidion nigrum,,label
28610,website/Main/Coleoptera/Carabidae/Trechinae/Bembidion postremum (label).jpg,Bembidion postremum (label).jpg,SEM-UBC,0.8065843413617484,Bembidion postremum,,label
28611,website/Main/Coleoptera/Carabidae/Trechinae/Bembidion honestum (label).jpg,Bembidion honestum (label).jpg,SEM-UBC,0.863795858886105,Bembidion honestum,,label
28612,website/Main/Coleoptera/Carabidae/Trechinae/Tachys oblitus (label).jpg,Tachys oblitus (label).jpg,SEM-UBC,0.7754242461593225,Tachys oblitus,,label
28613,website/Main/Coleoptera/Carabidae/Trechinae/Bembidion chalceum form A (label).jpg,Bembidion chalceum form A (label).jpg,SEM-UBC,0.8790406703465699,Bembidion chalceum form A,,label
28705,website/Main/Coleoptera/Carabidae/Trechinae/Bembidion bowditchii (label).jpg,Bembidion bowditchii (label).jpg,SEM-UBC,0.9996748975736023,Bembidion bowditchii,,label
28722,website/Main/Coleoptera/Carabidae/Trechinae/Amerizus spectabilis (1dorsal).jpg,Amerizus spectabilis (1dorsal).jpg,SEM-UBC COL?20747,0.6996095404554361,Amerizus spectabilis,,dorsal
28723,website/Main/Coleoptera/Carabidae/Trechinae/Bembidion confusum (label).jpg,Bembidion confusum (label).jpg,SEM-UBC,0.9998283736027268,Bembidion confusum,,label
28725,website/Main/Coleoptera/Carabidae/Trechinae/Bembidion simplex (label).jpg,Bembidion simplex (label).jpg,SEM-UBC,0.9999048834735405,Bembidion simplex,,label
28742,website/Main/Coleoptera/Carabidae/Trechinae/Bembidion obtusum (label).jpg,Bembidion obtusum (label).jpg,SEM-UBC,0.9867247436641947,Bembidion obtusum,,label
28821,website/Main/Coleoptera/Carabidae/Trechinae/Bembidion levigatum (label).jpg,Bembidion levigatum (label).jpg,SEM-UBC,0.9999082177829947,Bembidion levigatum,,label
28826,website/Main/Coleoptera/Carabidae/Trechinae/Bembidion americanum (label).jpg,Bembidion americanum (label).jpg,SEM-UBC,0.9998894284517538,Bembidion americanum,,label
28871,website/Main/Coleoptera/Carabidae/Trechinae/Bembidion lacunarium (label).jpg,Bembidion lacunarium (label).jpg,SEM-UBC,0.9998687465380818,Bembidion lacunarium,,label
28903,website/Main/Coleoptera/Carabidae/Trechinae/Bembidion planum (label).jpg,Bembidion planum (label).jpg,SEM-UBC,0.9997414528515699,Bembidion planum,,label
28920,website/Main/Coleoptera/Carabidae/Trechinae/Elaphropus vernicatus (label).jpg,Elaphropus vernicatus (label).jpg,SEM-UBC,0.7548428548754686,Elaphropus vernicatus,,label
28923,website/Main/Coleoptera/Carabidae/Trechinae/Bembidion rolandi (label).jpg,Bembidion rolandi (label).jpg,SEM-UBC,0.8070859129185799,Bembidion rolandi,,label
28937,website/Main/Coleoptera/Carabidae/Broscinae/Broscodera insignis (label).jpg,Broscodera insignis (label).jpg,SEM-UBC,0.9112953505710818,Broscodera insignis,,label
28959,website/Main/Coleoptera/Carabidae/Nebriinae/Nebria lacustris (label).jpg,Nebria lacustris (label).jpg,SEM-UBC,0.7354089116937019,Nebria lacustris,,label
28985,website/Main/Coleoptera/Carabidae/Nebriinae/Nebria eschscholtzi form A (label).jpg,Nebria eschscholtzi form A (label).jpg,SEM-UBC,0.9062271871335612,Nebria eschscholtzi form A,,label
29000,website/Main/Coleoptera/Carabidae/Nebriinae/Nebria eschscholtzii (1dorsal).jpg,Nebria eschscholtzii (1dorsal).jpg,OCR FAILED,0,Nebria eschscholtzii,,dorsal
29006,website/Main/Coleoptera/Carabidae/Nebriinae/Nebria eschscholtzi form B (label).jpg,Nebria eschscholtzi form B (label).jpg,SEM-UBC,0.42918928628638064,Nebria eschscholtzi form B,,label
29029,website/Main/Coleoptera/Carabidae/Nebriinae/Notiophilus aeneus (label).jpg,Notiophilus aeneus (label).jpg,SEM-UBC,0.740340735342521,Notiophilus aeneus,,label
29056,website/Main/Coleoptera/Carabidae/Nebriinae/Nebria intermedia (label).jpg,Nebria intermedia (label).jpg,SEM-UBC,0.9792849771429649,Nebria intermedia,,label
29087,website/Main/Coleoptera/Carabidae/Nebriinae/Nebria vandykei (label).jpg,Nebria vandykei (label).jpg,SEM-UBC,0.89933483723827,Nebria vandykei,,label
29112,website/Main/Coleoptera/Carabidae/Brachininae/Brachinus ovipennis (label).jpg,Brachinus ovipennis (label).jpg,SEM-UBC,0.8793100733365633,Brachinus ovipennis,,label
29114,website/Main/Coleoptera/Carabidae/Brachininae/Brachinus cyanipennis (label).jpg,Brachinus cyanipennis (label).jpg,SEM-UBC,0.8312054207768611,Brachinus cyanipennis,,label
29117,website/Main/Coleoptera/Carabidae/Brachininae/Brachinus janthinipennis (label).jpg,Brachinus janthinipennis (label).jpg,SEM-UBC,0.9998595545321133,Brachinus janthinipennis,,label
29128,website/Main/Coleoptera/Carabidae/Brachininae/Brachinus cyanochroaticus form A (label).jpg,Brachinus cyanochroaticus form A (label).jpg,SEM-UBC,0.9779271428735531,Brachinus cyanochroaticus form A,,label
29136,website/Main/Coleoptera/Carabidae/Brachininae/Brachinus patruelis (label).jpg,Brachinus patruelis (label).jpg,SEM-UBC,0.8832032601669418,Brachinus patruelis,,label
29138,website/Main/Coleoptera/Carabidae/Brachininae/Brachinus cyanochroaticus form B (label).jpg,Brachinus cyanochroaticus form B (label).jpg,SEM-UBC,0.9998513988569151,Brachinus cyanochroaticus form B,,label
29141,website/Main/Coleoptera/Carabidae/Brachininae/Brachinus cordicollis (label).jpg,Brachinus cordicollis (label).jpg,SEM-UBC,0.9999062352210492,Brachinus cordicollis,,label
29172,website/Main/Coleoptera/Lycidae/Punicealis hamata (2ventral).jpg,Punicealis hamata (2ventral).jpg,SEM-UBC,0.7381951165106635,Punicealis hamata,,ventral
29504,website/Main/Coleoptera/Elateridae/Neopristilophus maurus (2ventral) .jpg,Neopristilophus maurus (2ventral) .jpg,OCR FAILED,0,Neopristilophus maurus,,ventral
30039,website/Main/Coleoptera/Cerambycidae/Cerambycinae/Callimoxys sanguinicollis fuscipennis form A (3lateral).jpg,Callimoxys sanguinicollis fuscipennis form A (3lateral).jpg,SEM-UBC COL-XX251,0.7774259728110345,Callimoxys sanguinicollis fuscipennis form A,,lateral
30049,website/Main/Coleoptera/Cerambycidae/Cerambycinae/Callimoxys sanguinicollis fuscipennis form A (1dorsal).jpg,Callimoxys sanguinicollis fuscipennis form A (1dorsal).jpg,SEM-UBC COL-XX251,0.8594067203216591,Callimoxys sanguinicollis fuscipennis form A,,dorsal
30056,website/Main/Coleoptera/Cerambycidae/Cerambycinae/Callimoxys sanguinicollis fuscipennis form B (1dorsal).jpg,Callimoxys sanguinicollis fuscipennis form B (1dorsal).jpg,SEM-UBC COL-XX253,0.9632080582179889,Callimoxys sanguinicollis fuscipennis form B,,dorsal
30076,website/Main/Coleoptera/Cerambycidae/Cerambycinae/Callimoxys sanguinicollis fuscipennis form B (3lateral).jpg,Callimoxys sanguinicollis fuscipennis form B (3lateral).jpg,SEM-UBC COL-XX253,0.9260110709310098,Callimoxys sanguinicollis fuscipennis form B,,lateral
30127,website/Main/Coleoptera/Cerambycidae/Cerambycinae/Callimoxys sanguinicollis fuscipennis form A (2ventral).jpg,Callimoxys sanguinicollis fuscipennis form A (2ventral).jpg,SEM-UBC COL-XX251,0.8632930676242465,Callimoxys sanguinicollis fuscipennis form A,,ventral
30158,website/Main/Coleoptera/Cerambycidae/Cerambycinae/Callimoxys sanguinicollis fuscipennis form B (2ventral).jpg,Callimoxys sanguinicollis fuscipennis form B (2ventral).jpg,SEM-UBC COL-XX253,0.8685866427179025,Callimoxys sanguinicollis fuscipennis form B,,ventral
30173,website/Main/Coleoptera/Cerambycidae/Prioninae/Prionus californicus (3lateral).jpg,Prionus californicus (3lateral).jpg,SEM-UBC,0.9996289343934603,Prionus californicus,,lateral
30358,website/Main/Coleoptera/Cerambycidae/Lepturinae/Trachysida mutabilis form B (1dorsal).jpg,Trachysida mutabilis form B (1dorsal).jpg,SEM-UBC COL; 18800,0.49779225592175513,Trachysida mutabilis form B,,dorsal
30397,website/Main/Coleoptera/Cerambycidae/Spondylidinae/Tetropium velutinum (3lateral).jpg,Tetropium velutinum (3lateral).jpg,"SEM-UBC COL"" 18781",0.6705609400580289,Tetropium velutinum,,lateral
30490,website/Main/Coleoptera/Buprestidae/Chrysobothris dentipes male (2ventral) .jpg,Chrysobothris dentipes male (2ventral) .jpg,SEM-UBC COL;26570,0.7586576560602555,Chrysobothris dentipes male,,ventral
30517,website/Main/Coleoptera/Buprestidae/Chrysophana placida form B (1dorsal) .jpg,Chrysophana placida form B (1dorsal) .jpg,SEM-UBC,0.9997928215530542,Chrysophana placida form B,,dorsal
30743,website/Main/Coleoptera/Buprestidae/Dicerca pectorosa (3lateral) .jpg,Dicerca pectorosa (3lateral) .jpg,SEM-UBC COLF26593,0.792454173439203,Dicerca pectorosa,,lateral
30921,website/Main/Coleoptera/Sphindidae/Sphindus americanus (3lateral).jpg,Sphindus americanus (3lateral).jpg,OCR FAILED,0,Sphindus americanus,,lateral
30922,website/Main/Coleoptera/Sphindidae/Sphindus americanus (1dorsal).jpg,Sphindus americanus (1dorsal).jpg,OCR FAILED,0,Sphindus americanus,,dorsal
30929,website/Main/Coleoptera/Sphindidae/Sphindus americanus (2ventral).jpg,Sphindus americanus (2ventral).jpg,OCR FAILED,0,Sphindus americanus,,ventral
31108,website/Main/Coleoptera/Scarabaeidae/Dichelonyx backii backii form B (1dorsal) .jpg,Dichelonyx backii backii form B (1dorsal) .jpg,SEM-UBC CO1-27735,0.437206790107029,Dichelonyx backii backii form B,,dorsal
31139,website/Main/Coleoptera/Scarabaeidae/Phyllophaga anxia (4front).jpg,Phyllophaga anxia (4front).jpg,SEM-UBC COL-21,0.39621157571328786,Phyllophaga anxia,,front
31146,website/Main/Coleoptera/Scarabaeidae/Trichiotinus assimilis (1dorsal) .jpg,Trichiotinus assimilis (1dorsal) .jpg,"SEM-UBC COL""27591",0.7697427699221306,Trichiotinus assimilis,,dorsal
31172,website/Main/Coleoptera/Scarabaeidae/Aegialia opaca female Paratype (1dorsal) .jpg,Aegialia opaca female Paratype (1dorsal) .jpg,"SEM-UBC COL""27502",0.7450925037929789,Aegialia opaca female Paratype,,dorsal
31196,website/Main/Coleoptera/Scarabaeidae/Copris remotus (3lateral) Copris remotus (3lateral).jpg,Copris remotus (3lateral) Copris remotus (3lateral).jpg,OCR FAILED,0,Copris remotus,,lateral
31232,website/Main/Coleoptera/Scarabaeidae/Euphoria inda form C (4front).jpg,Euphoria inda form C (4front).jpg,OCR FAILED,0,Euphoria inda form C,,front
31235,website/Main/Coleoptera/Scarabaeidae/Serica sericea (3lateral) .jpg,Serica sericea (3lateral) .jpg,"SEM-UBC COL""27588",0.7897798349988252,Serica sericea,,lateral
31270,website/Main/Coleoptera/Scarabaeidae/Dichelonyx vaga male (5genitalia) .jpg,Dichelonyx vaga male (5genitalia) .jpg,OCR FAILED,0,Dichelonyx vaga male,,genitalia
31281,website/Main/Coleoptera/Scarabaeidae/Macrodactylus subspinosus (4front).jpg,Macrodactylus subspinosus (4front).jpg,SEM,0.9774708803793841,Macrodactylus subspinosus,,front
31366,website/Main/Coleoptera/Scarabaeidae/Diplotaxis brevicollis (4front).jpg,Diplotaxis brevicollis (4front).jpg,OCR FAILED,0,Diplotaxis brevicollis,,front
31592,website/Main/Coleoptera/Cryptophagidae/Cryptophagus difficilis (3lateral) .jpg,Cryptophagus difficilis (3lateral) .jpg,OCR FAILED,0,Cryptophagus difficilis,,lateral
32296,website/Main/Coleoptera/Haliplidae/Haliplus distinctus male (2ventral).jpg,Haliplus distinctus male (2ventral).jpg,SEM-UBC COL;3104,0.6884830433617175,Haliplus distinctus male,,ventral
32398,website/Main/Coleoptera/Histeridae/Plegaderus molestus (3lateral) .jpg,Plegaderus molestus (3lateral) .jpg,SEMAUBC CO-27716,0.5431396794229927,Plegaderus molestus,,lateral
32510,website/Main/Coleoptera/Histeridae/Hister sp 4 (3lateral) .jpg,Hister sp 4 (3lateral) .jpg,SEM-UBC COL.27730,0.6708335903875026,Hister sp 4,,lateral
32692,website/Main/Coleoptera/Kateretidae/Heterhelus sericans (2ventral).jpg,Heterhelus sericans (2ventral).jpg,SEM-UBC,0.9449958300801342,Heterhelus sericans,,ventral
32801,website/Main/Coleoptera/Lucanidae/Lucanus elaphus male (Dorsal).jpg,Lucanus elaphus male (Dorsal).jpg,OCR FAILED,0,Lucanus elaphus male,,Dorsal
33083,website/Main/Coleoptera/Staphylinidae/Aleocharinae/Aleochara bimaculata (4front).jpg,Aleochara bimaculata (4front).jpg,SEM-UBC COL0954,0.2471653878535028,Aleochara bimaculata,,front
33132,website/Main/Coleoptera/Staphylinidae/Aleocharinae/Diaulota densissima (4front).jpg,Diaulota densissima (4front).jpg,SEMAUBC COL27024,0.24617068006661144,Diaulota densissima,,front
33501,website/Main/Coleoptera/Staphylinidae/Piestinae/Siagonium americanum (3lateral) .jpg,Siagonium americanum (3lateral) .jpg,SEMUBC COL27347,0.881805020473622,Siagonium americanum,,lateral
33538,website/Main/Coleoptera/Staphylinidae/Oxytelinae/Carpelimus harneyi (1dorsal) .jpg,Carpelimus harneyi (1dorsal) .jpg,SEM PARATYPE,0.9992640843985594,Carpelimus harneyi,,dorsal
33540,website/Main/Coleoptera/Staphylinidae/Oxytelinae/Carpelimus delicatus (2ventral).jpg,Carpelimus delicatus (2ventral).jpg,OCR FAILED,0,Carpelimus delicatus,,ventral
33554,website/Main/Coleoptera/Staphylinidae/Oxytelinae/Carpelimus harneyi (2ventral) .jpg,Carpelimus harneyi (2ventral) .jpg,SEM PARATYPE,0.9999404195750456,Carpelimus harneyi,,ventral
33587,website/Main/Coleoptera/Staphylinidae/Oxytelinae/Carpelimus vancouverensis (1dorsal) _0001.jpg,Carpelimus vancouverensis (1dorsal) _0001.jpg,SEM PARATYPE,0.982949599132601,Carpelimus vancouverensis,,dorsal
33616,website/Main/Coleoptera/Staphylinidae/Oxytelinae/Carpelimus rivularis (2ventral).jpg,Carpelimus rivularis (2ventral).jpg,OCR FAILED,0,Carpelimus rivularis,,ventral
33623,website/Main/Coleoptera/Staphylinidae/Oxytelinae/Carpelimus vancouverensis (3lateral) .jpg,Carpelimus vancouverensis (3lateral) .jpg,SEM PARATYPE,0.9985610732900088,Carpelimus vancouverensis,,lateral
33651,website/Main/Coleoptera/Staphylinidae/Oxytelinae/Carpelimus harneyi (3lateral).jpg,Carpelimus harneyi (3lateral).jpg,SEM PARATYPE,0.9875411754310754,Carpelimus harneyi,,lateral
33683,website/Main/Coleoptera/Staphylinidae/Oxytelinae/Carpelimus vancouverensis (2ventral) _0001.jpg,Carpelimus vancouverensis (2ventral) _0001.jpg,SEM PARATYPE,0.9643275766164893,Carpelimus vancouverensis,,ventral
33734,website/Main/Coleoptera/Staphylinidae/Steninae/Stenus egenus male (1dorsal) .jpg,Stenus egenus male (1dorsal) .jpg,SEM-UBC,0.9997450577005299,Stenus egenus male,,dorsal
33916,website/Main/Coleoptera/Staphylinidae/Staphylininae/Quedius nevadensis male (2ventral) .jpg,Quedius nevadensis male (2ventral) .jpg,SEM-UBC,0.999612126118959,Quedius nevadensis male,,ventral
35125,website/Main/Coleoptera/Staphylinidae/Pseudopsinae/Zalobius spinicollis (3lateral) .jpg,Zalobius spinicollis (3lateral) .jpg,SEM-UBC,0.9996289794557358,Zalobius spinicollis,,lateral
35302,website/Main/Coleoptera/Salpingidae/Rhinosimus lecontei female (1dorsal).jpg,Rhinosimus lecontei female (1dorsal).jpg,"SEM-UBC COL""251951",0.6669079668775313,Rhinosimus lecontei female,,dorsal
35542,website/Main/Coleoptera/Coccinellidae/Hippodamia arctica form B (2ventral).jpg,Hippodamia arctica form B (2ventral).jpg,OCR FAILED,0,Hippodamia arctica form B,,ventral
35604,website/Main/Coleoptera/Coccinellidae/Hippodamia arctica form A (2ventral).jpg,Hippodamia arctica form A (2ventral).jpg,OCR FAILED,0,Hippodamia arctica form A,,ventral
36322,website/Main/Coleoptera/Curculionidae/Scolytinae/Polygraphus rufipennis form A (3lateral) .jpg,Polygraphus rufipennis form A (3lateral) .jpg,SEM,0.9951178099006688,Polygraphus rufipennis form A,,lateral
36619,website/Main/Coleoptera/Curculionidae/Curculioninae/Curculio uniformis (1dorsal) .jpg,Curculio uniformis (1dorsal) .jpg,"SEM-UBC COL""25197",0.6925511917113504,Curculio uniformis,,dorsal
36628,website/Main/Coleoptera/Curculionidae/Curculioninae/Orchestes pallicornis (2ventral) .jpg,Orchestes pallicornis (2ventral) .jpg,SEM-UBC,0.9996993659294299,Orchestes pallicornis,,ventral
36643,website/Main/Coleoptera/Curculionidae/Curculioninae/Rhinusa sp. (4front).jpg,Rhinusa sp. (4front).jpg,SEM,0.2645599738522783,Rhinusa sp.,,front
38099,website/Main/Coleoptera/Ochodaeidae/Xenochodaeus luscinus (3lateral).jpg,Xenochodaeus luscinus (3lateral).jpg,SEM-UBC,0.9154134808000282,Xenochodaeus luscinus,,lateral
38108,website/Main/Coleoptera/Dryophthoridae/Sphenophorus mormon female (1dorsal) .jpg,Sphenophorus mormon female (1dorsal) .jpg,OCR FAILED,0,Sphenophorus mormon female,,dorsal
38143,website/Main/Coleoptera/Cantharidae/Dichelotarsus tetragonoderus (1dorsal).jpg,Dichelotarsus tetragonoderus (1dorsal).jpg,SEM-UBC,0.9996686340039166,Dichelotarsus tetragonoderus,,dorsal
38271,website/Main/Coleoptera/Ptiliidae/Ptenidium pusillum (3lateral) .jpg,Ptenidium pusillum (3lateral) .jpg,SEM-UBC,0.9996445259016297,Ptenidium pusillum,,lateral
38273,website/Main/Coleoptera/Ptiliidae/Acrotrichis cognata (3lateral) .jpg,Acrotrichis cognata (3lateral) .jpg,SEM-UBC,0.9996061327979381,Acrotrichis cognata,,lateral
38355,website/Main/Opiliones/Phalangiidae/Phalangium opilio male (4front).jpg,Phalangium opilio male (4front).jpg,SEM UIBC OPI-00R,0.11467709670486353,Phalangium opilio male,,front
38357,website/Main/Opiliones/Phalangiidae/Oligolophus tridens (1dorsal).jpg,Oligolophus tridens (1dorsal).jpg,SEM-UBC OPL0012,0.5598991719227694,Oligolophus tridens,,dorsal
38361,website/Main/Opiliones/Phalangiidae/Phalangium opilio female (4front).jpg,Phalangium opilio female (4front).jpg,SEM-UBC OPI-00B=,0.2055512091797095,Phalangium opilio female,,front
41220,website/Main/Psocodea/Phthiraptera/Bird Lice/JPEGS/Cimicidae not Louse/JPEG/Oeciacus vicarius (1dorsal) [Host - Hirundo pyrrhonota] [No value].jpg,Oeciacus vicarius (1dorsal) [Host - Hirundo pyrrhonota] [No value].jpg,OCR FAILED,0,Oeciacus vicarius,,dorsal
41221,website/Main/Psocodea/Phthiraptera/Bird Lice/JPEGS/Cimicidae not Louse/JPEG/Oeciacus vicarius (5label 1B) [Host - Hirundo pyrrhonota] [No value].jpg,Oeciacus vicarius (5label 1B) [Host - Hirundo pyrrhonota] [No value].jpg,OCR FAILED,0,Oeciacus vicarius,,label B
41222,website/Main/Psocodea/Phthiraptera/Bird Lice/JPEGS/Cimicidae not Louse/JPEG/Oeciacus vicarius (5label 2) [Host - Hirundo pyrrhonota] [No value].jpg,Oeciacus vicarius (5label 2) [Host - Hirundo pyrrhonota] [No value].jpg,OCR FAILED,0,Oeciacus vicarius,,label 
41223,website/Main/Psocodea/Phthiraptera/Bird Lice/JPEGS/Cimicidae not Louse/JPEG/Oeciacus vicarius (5label 1A) [Host - Hirundo pyrrhonota] [No value].jpg,Oeciacus vicarius (5label 1A) [Host - Hirundo pyrrhonota] [No value].jpg,OCR FAILED,0,Oeciacus vicarius,,label A
41384,website/Main/Psocodea/Phthiraptera/Mammal Lice/Philopteridae/Physconelloides spenceri Holotype & Allotype (4both) type-0084.jpg,Physconelloides spenceri Holotype & Allotype (4both) type-0084.jpg,OCR FAILED,0,Physconelloides spenceri Holotype & Allotype,,both
41387,website/Main/Psocodea/Phthiraptera/Mammal Lice/Philopteridae/Physconelloides spenceri Holotype & Allotype (3both) type-0084 label 2.jpg,Physconelloides spenceri Holotype & Allotype (3both) type-0084 label 2.jpg,OCR FAILED,0,Physconelloides spenceri Holotype & Allotype,,both
41390,website/Main/Psocodea/Phthiraptera/Mammal Lice/Menoponidae/Eureum spenceri Holotype (8label) Holotype-0085 male label 2.jpg,Eureum spenceri Holotype (8label) Holotype-0085 male label 2.jpg,OCR FAILED,0,Eureum spenceri Holotype,,label
41395,website/Main/Psocodea/Phthiraptera/Mammal Lice/Menoponidae/Eureum spenceri Allotype (7label) Allotype-0086 female.jpg,Eureum spenceri Allotype (7label) Allotype-0086 female.jpg,OCR FAILED,0,Eureum spenceri Allotype,,label
41397,website/Main/Psocodea/Phthiraptera/Mammal Lice/Menoponidae/Austromenopon spenceri Holotype & Allotype (7label) type-0083.jpg,Austromenopon spenceri Holotype & Allotype (7label) type-0083.jpg,OCR FAILED,0,Austromenopon spenceri Holotype & Allotype,,label
41400,website/Main/Psocodea/Phthiraptera/Mammal Lice/Menoponidae/Austromenopon spenceri Holotype & Allotype (8label) type-0083 label 2.jpg,Austromenopon spenceri Holotype & Allotype (8label) type-0083 label 2.jpg,OCR FAILED,0,Austromenopon spenceri Holotype & Allotype,,label
41401,website/Main/Psocodea/Phthiraptera/Mammal Lice/Menoponidae/Amyrsidea minuta Holotype & Allotype (1dorsal) SEM-UBC HOL.jpg,Amyrsidea minuta Holotype & Allotype (1dorsal) SEM-UBC HOL.jpg,SEM-UBC HOL,FROM FILENAME,Amyrsidea minuta Holotype & Allotype,SEM-UBC HOL,dorsal
41402,website/Main/Psocodea/Phthiraptera/Mammal Lice/Menoponidae/Amyrsidea minuta Holotype & Allotype (2ventral) SEM-UBC HOL.jpg,Amyrsidea minuta Holotype & Allotype (2ventral) SEM-UBC HOL.jpg,SEM-UBC HOL,FROM FILENAME,Amyrsidea minuta Holotype & Allotype,SEM-UBC HOL,ventral
41403,website/Main/Psocodea/Phthiraptera/Mammal Lice/Menoponidae/Eureum spenceri Allotype (8label) Allotype-0086 female label 2.jpg,Eureum spenceri Allotype (8label) Allotype-0086 female label 2.jpg,OCR FAILED,0,Eureum spenceri Allotype,,label
41404,website/Main/Psocodea/Phthiraptera/Mammal Lice/Menoponidae/Eureum spenceri Holotype (7label) Holotype-0085 male.jpg,Eureum spenceri Holotype (7label) Holotype-0085 male.jpg,OCR FAILED,0,Eureum spenceri Holotype,,label
41457,website/Main/Psocodea/Phthiraptera/Mammal Lice/Echinophthiriidae/Lepidophthirus macrorhini male (label 2B).jpg,Lepidophthirus macrorhini male (label 2B).jpg,SEM-UBC PHI-UU8Y,0.4117237578658962,Lepidophthirus macrorhini male,,label B
41709,website/Main/Psocodea/Phthiraptera/Mammal Lice/Polyplacidae/Haemodipsus ventricosus (1dorsal) group.jpg,Haemodipsus ventricosus (1dorsal) group.jpg,OCR FAILED,0,Haemodipsus ventricosus,,dorsal
41752,website/Main/Psocodea/Phthiraptera/Mammal Lice/Trichodectidae/Geomydoecus sp female nymph (label 1A).jpg,Geomydoecus sp female nymph (label 1A).jpg,SEM-UBC PAT-W042,0.18801398630316368,Geomydoecus sp female nymph,,label A
41789,website/Main/Psocodea/Phthiraptera/Mammal Lice/Trichodectidae/Trichodectes pinguis euarctidos Paratype (1dorsal) male.jpg,Trichodectes pinguis euarctidos Paratype (1dorsal) male.jpg,SEM-UBC,0.9984014649810993,Trichodectes pinguis euarctidos Paratype,,dorsal
42008,website/Main/Odonata/Corduliidae/Dorocordulia lepida (3lateral).jpg,Dorocordulia lepida (3lateral).jpg,OCR FAILED,0,Dorocordulia lepida,,lateral
42026,website/Main/Odonata/Corduliidae/Somatochlora williamsoni (1dorsal).jpg,Somatochlora williamsoni (1dorsal).jpg,OCR FAILED,0,Somatochlora williamsoni,,dorsal
42043,website/Main/Odonata/Corduliidae/Somatochlora williamsoni (3lateral).jpg,Somatochlora williamsoni (3lateral).jpg,OCR FAILED,0,Somatochlora williamsoni,,lateral
42060,website/Main/Odonata/Corduliidae/Dorocordulia lepida (1dorsal).jpg,Dorocordulia lepida (1dorsal).jpg,OCR FAILED,0,Dorocordulia lepida,,dorsal
42075,website/Main/Odonata/Corduliidae/Dorocordulia lepida (2ventral).jpg,Dorocordulia lepida (2ventral).jpg,OCR FAILED,0,Dorocordulia lepida,,ventral
42086,website/Main/Odonata/Corduliidae/Somatochlora williamsoni (2ventral).jpg,Somatochlora williamsoni (2ventral).jpg,OCR FAILED,0,Somatochlora williamsoni,,ventral
42115,website/Main/Odonata/Gomphidae/Ophiogomphus occidentis exuvium (1dorsal).jpg,Ophiogomphus occidentis exuvium (1dorsal).jpg,SEM,0.9997100904885295,Ophiogomphus occidentis exuvium,,dorsal
42120,website/Main/Odonata/Gomphidae/Ophiogomphus severus exuvium (2ventral).jpg,Ophiogomphus severus exuvium (2ventral).jpg,SEM,0.9130249337354361,Ophiogomphus severus exuvium,,ventral
42123,website/Main/Odonata/Gomphidae/Ophiogomphus severus exuvium (1dorsal).jpg,Ophiogomphus severus exuvium (1dorsal).jpg,SEM,0.9815049282644487,Ophiogomphus severus exuvium,,dorsal
42124,website/Main/Odonata/Gomphidae/Ophiogomphus occidentis exuvium (3lateral).jpg,Ophiogomphus occidentis exuvium (3lateral).jpg,SEM,0.9999448112925841,Ophiogomphus occidentis exuvium,,lateral
42149,website/Main/Odonata/Gomphidae/Ophiogomphus severus exuvium (3lateral).jpg,Ophiogomphus severus exuvium (3lateral).jpg,SEM,0.9982061136812445,Ophiogomphus severus exuvium,,lateral
42153,website/Main/Odonata/Gomphidae/Ophiogomphus occidentis exuvium (2ventral).jpg,Ophiogomphus occidentis exuvium (2ventral).jpg,SEM,0.999379234253248,Ophiogomphus occidentis exuvium,,ventral
42242,website/Main/Odonata/Lestidae/Lestes disjunctus exuvium (1dorsal).jpg,Lestes disjunctus exuvium (1dorsal).jpg,OCR FAILED,0,Lestes disjunctus exuvium,,dorsal
42247,website/Main/Odonata/Lestidae/Lestes disjunctus exuvium (3lateral).jpg,Lestes disjunctus exuvium (3lateral).jpg,OCR FAILED,0,Lestes disjunctus exuvium,,lateral
42256,website/Main/Odonata/Lestidae/Lestes disjunctus exuvium (2ventral).jpg,Lestes disjunctus exuvium (2ventral).jpg,OCR FAILED,0,Lestes disjunctus exuvium,,ventral
